band,freq_mhz,direction,waypoint,corridor_km,path_km,rx_lat,rx_lon,itwom_loss_db,terrain_shield_db,dbm_terrain,foliage_summer_db,foliage_leafoff_db,dbm_summer,dbm_leafoff,verdict_terrain,verdict_summer,verdict_leafoff,prop_mode,interpolated
gmrs,462.6,NORTH,1,1.0,0.95,39.8109,-76.3055,108.13,22.79,-59.5,7.9,3.6,-67.4,-63.1,SOLID,SOLID,SOLID,Double Horizon Diffraction Dominant,False
gmrs,462.6,NORTH,2,2.0,1.93,39.8164,-76.3144,139.69,48.19,-91.0,7.9,3.6,-98.9,-94.6,SOLID,SOLID,SOLID,Double Horizon Diffraction Dominant,False
gmrs,462.6,NORTH,3,3.0,2.91,39.8212,-76.3241,121.85,26.81,-73.2,7.9,3.6,-81.1,-76.8,SOLID,SOLID,SOLID,Double Horizon Diffraction Dominant,False
gmrs,462.6,NORTH,4,4.0,4.0,,,,,-82.2,7.9,3.6,-90.0,-85.8,SOLID,SOLID,SOLID,interpolated (ITWOM edge case),True
gmrs,462.6,NORTH,5,5.0,4.8,39.8322,-76.341,139.8,40.41,-91.1,7.9,3.6,-99.0,-94.7,SOLID,SOLID,SOLID,Double Horizon Diffraction Dominant,False
gmrs,462.6,NORTH,6,6.0,5.76,39.8396,-76.3477,155.15,54.18,-106.5,7.9,3.6,-114.4,-110.1,USABLE,MARGINAL,MARGINAL,Double Horizon Diffraction Dominant,False
gmrs,462.6,NORTH,7,7.0,6.61,39.8476,-76.3515,160.02,57.85,-111.3,7.9,3.6,-119.2,-115.0,MARGINAL,DEAD,MARGINAL,Double Horizon Diffraction Dominant,False
gmrs,462.6,NORTH,8,8.0,7.58,39.8552,-76.3578,166.06,62.69,-117.4,7.9,3.6,-125.3,-121.0,MARGINAL,DEAD,DEAD,Double Horizon Diffraction Dominant,False
gmrs,462.6,SOUTH,1,1.0,1.0,39.7985,-76.2899,111.81,26.05,-63.1,7.9,3.6,-71.0,-66.8,SOLID,SOLID,SOLID,Single Horizon Diffraction Dominant,False
gmrs,462.6,SOUTH,2,2.0,2.0,39.7911,-76.2832,120.39,28.61,-71.7,7.9,3.6,-79.6,-75.3,SOLID,SOLID,SOLID,Single Horizon Diffraction Dominant,False
gmrs,462.6,SOUTH,3,3.0,3.0,39.7838,-76.2764,128.65,33.34,-80.0,7.9,3.6,-87.9,-83.6,SOLID,SOLID,SOLID,Single Horizon Diffraction Dominant,False
gmrs,462.6,SOUTH,4,4.0,3.99,39.7764,-76.2697,135.23,37.43,-86.6,7.9,3.6,-94.5,-90.2,SOLID,SOLID,SOLID,Single Horizon Diffraction Dominant,False
gmrs,462.6,SOUTH,5,5.0,4.99,39.7691,-76.263,140.17,40.43,-91.5,7.9,3.6,-99.4,-95.1,SOLID,SOLID,SOLID,Single Horizon Diffraction Dominant,False
gmrs,462.6,SOUTH,6,6.0,5.99,39.7617,-76.2563,142.43,41.1,-93.8,7.9,3.6,-101.6,-97.4,SOLID,USABLE,SOLID,Single Horizon Diffraction Dominant,False
gmrs,462.6,SOUTH,7,7.0,6.99,39.7544,-76.2496,144.25,41.58,-95.6,7.9,3.6,-103.5,-99.2,SOLID,USABLE,SOLID,Single Horizon Diffraction Dominant,False
gmrs,462.6,SOUTH,8,8.0,7.99,39.747,-76.2429,145.54,41.72,-96.9,7.9,3.6,-104.8,-100.5,SOLID,USABLE,USABLE,Single Horizon Diffraction Dominant,False
2m,146.1,NORTH,1,1.0,0.95,39.8109,-76.3055,88.2,12.87,-39.1,5.7,2.6,-44.8,-41.7,SOLID,SOLID,SOLID,Double Horizon Diffraction Dominant,False
2m,146.1,NORTH,2,2.0,1.93,39.8164,-76.3144,118.71,37.21,-69.6,5.7,2.6,-75.3,-72.2,SOLID,SOLID,SOLID,Double Horizon Diffraction Dominant,False
2m,146.1,NORTH,3,3.0,2.91,39.8212,-76.3241,103.46,18.42,-54.3,5.7,2.6,-60.0,-56.9,SOLID,SOLID,SOLID,Double Horizon Diffraction Dominant,False
2m,146.1,NORTH,4,4.0,4.0,,,,,-62.9,5.7,2.6,-68.6,-65.5,SOLID,SOLID,SOLID,interpolated (ITWOM edge case),True
2m,146.1,NORTH,5,5.0,4.8,39.8322,-76.341,120.62,31.24,-71.5,5.7,2.6,-77.2,-74.1,SOLID,SOLID,SOLID,Double Horizon Diffraction Dominant,False
2m,146.1,NORTH,6,6.0,5.76,39.8396,-76.3477,135.54,44.58,-86.4,5.7,2.6,-92.1,-89.0,SOLID,SOLID,SOLID,Double Horizon Diffraction Dominant,False
2m,146.1,NORTH,7,7.0,6.61,39.8476,-76.3515,139.74,47.58,-90.6,5.7,2.6,-96.3,-93.2,SOLID,SOLID,SOLID,Double Horizon Diffraction Dominant,False
2m,146.1,NORTH,8,8.0,7.58,39.8552,-76.3578,145.81,52.45,-96.7,5.7,2.6,-102.4,-99.3,SOLID,USABLE,SOLID,Double Horizon Diffraction Dominant,False
2m,146.1,SOUTH,1,1.0,1.0,39.7985,-76.2899,97.5,21.75,-48.4,5.7,2.6,-54.1,-51.0,SOLID,SOLID,SOLID,Single Horizon Diffraction Dominant,False
2m,146.1,SOUTH,2,2.0,2.0,39.7911,-76.2832,115.14,33.37,-66.0,5.7,2.6,-71.7,-68.6,SOLID,SOLID,SOLID,Single Horizon Diffraction Dominant,False
2m,146.1,SOUTH,3,3.0,3.0,39.7838,-76.2764,122.65,37.36,-73.5,5.7,2.6,-79.2,-76.1,SOLID,SOLID,SOLID,Single Horizon Diffraction Dominant,False
2m,146.1,SOUTH,4,4.0,3.99,39.7764,-76.2697,128.49,40.7,-79.4,5.7,2.6,-85.1,-82.0,SOLID,SOLID,SOLID,Single Horizon Diffraction Dominant,False
2m,146.1,SOUTH,5,5.0,4.99,39.7691,-76.263,132.91,43.18,-83.8,5.7,2.6,-89.5,-86.4,SOLID,SOLID,SOLID,Single Horizon Diffraction Dominant,False
2m,146.1,SOUTH,6,6.0,5.99,39.7617,-76.2563,134.74,43.43,-85.6,5.7,2.6,-91.3,-88.2,SOLID,SOLID,SOLID,Single Horizon Diffraction Dominant,False
2m,146.1,SOUTH,7,7.0,6.99,39.7544,-76.2496,136.2,43.54,-87.1,5.7,2.6,-92.8,-89.7,SOLID,SOLID,SOLID,Single Horizon Diffraction Dominant,False
2m,146.1,SOUTH,8,8.0,7.99,39.747,-76.2429,137.28,43.47,-88.2,5.7,2.6,-93.8,-90.8,SOLID,SOLID,SOLID,Single Horizon Diffraction Dominant,False
aar,161.0,NORTH,1,1.0,0.95,39.8109,-76.3055,89.88,13.71,-40.3,5.8,2.7,-46.2,-43.0,SOLID,SOLID,SOLID,Double Horizon Diffraction Dominant,False
aar,161.0,NORTH,2,2.0,1.93,39.8164,-76.3144,120.51,38.17,-71.0,5.8,2.7,-76.8,-73.6,SOLID,SOLID,SOLID,Double Horizon Diffraction Dominant,False
aar,161.0,NORTH,3,3.0,2.91,39.8212,-76.3241,105.0,19.12,-55.5,5.8,2.7,-61.3,-58.1,SOLID,SOLID,SOLID,Double Horizon Diffraction Dominant,False
aar,161.0,NORTH,4,4.0,4.0,,,,,-64.1,5.8,2.7,-69.9,-66.7,SOLID,SOLID,SOLID,interpolated (ITWOM edge case),True
aar,161.0,NORTH,5,5.0,4.8,39.8322,-76.341,122.24,32.01,-72.7,5.8,2.7,-78.5,-75.4,SOLID,SOLID,SOLID,Double Horizon Diffraction Dominant,False
aar,161.0,NORTH,6,6.0,5.76,39.8396,-76.3477,137.21,45.4,-87.7,5.8,2.7,-93.5,-90.3,SOLID,SOLID,SOLID,Double Horizon Diffraction Dominant,False
aar,161.0,NORTH,7,7.0,6.61,39.8476,-76.3515,141.47,48.46,-91.9,5.8,2.7,-97.8,-94.6,SOLID,SOLID,SOLID,Double Horizon Diffraction Dominant,False
aar,161.0,NORTH,8,8.0,7.58,39.8552,-76.3578,147.52,53.32,-98.0,5.8,2.7,-103.8,-100.7,SOLID,USABLE,USABLE,Double Horizon Diffraction Dominant,False
aar,161.0,SOUTH,1,1.0,1.0,39.7985,-76.2899,103.81,27.22,-54.3,5.8,2.7,-60.1,-56.9,SOLID,SOLID,SOLID,Single Horizon Diffraction Dominant,False
aar,161.0,SOUTH,2,2.0,2.0,39.7911,-76.2832,111.72,29.11,-62.2,5.8,2.7,-68.0,-64.9,SOLID,SOLID,SOLID,Single Horizon Diffraction Dominant,False
aar,161.0,SOUTH,3,3.0,3.0,39.7838,-76.2764,118.8,32.66,-69.2,5.8,2.7,-75.1,-71.9,SOLID,SOLID,SOLID,Single Horizon Diffraction Dominant,False
aar,161.0,SOUTH,4,4.0,3.99,39.7764,-76.2697,124.59,35.95,-75.0,5.8,2.7,-80.9,-77.7,SOLID,SOLID,SOLID,Single Horizon Diffraction Dominant,False
aar,161.0,SOUTH,5,5.0,4.99,39.7691,-76.263,128.97,38.39,-79.4,5.8,2.7,-85.3,-82.1,SOLID,SOLID,SOLID,Single Horizon Diffraction Dominant,False
aar,161.0,SOUTH,6,6.0,5.99,39.7617,-76.2563,130.79,38.63,-81.2,5.8,2.7,-87.1,-83.9,SOLID,SOLID,SOLID,Single Horizon Diffraction Dominant,False
aar,161.0,SOUTH,7,7.0,6.99,39.7544,-76.2496,132.28,38.79,-82.7,5.8,2.7,-88.6,-85.4,SOLID,SOLID,SOLID,Single Horizon Diffraction Dominant,False
aar,161.0,SOUTH,8,8.0,7.99,39.747,-76.2429,133.36,38.7,-83.8,5.8,2.7,-89.7,-86.5,SOLID,SOLID,SOLID,Single Horizon Diffraction Dominant,False
